interest,arts & entertainment,automotive,business,careers,education,family & parenting,food & drink,government & politics,health & fitness,hobbies & interests,home & garden,illegal content,law government & politics,news,personal finance,pets,real estate,religion & spirituality,science,shopping,society,sports,style & fashion,technology & computing,travel,No category
mejor con salud,,,,,,,,,,,,,,,,,,,,,,,,,,
 Gender,,,,,,,,,,,,,,,,,,,,,,,,,,
Parsley,,,,,,,,,,,,,,,,,,,,,,,,,,
Belgrade,,,,,,,,,,,,,,,,,,,,,,,,,,
 Maine Coon,,,,,,,,,,,,,,,,,,,,,,,,,,
 Filmmaking,,,,,,,,,,,,,,,,,,,,,,,,,,
 Bed,,,,,,,,,,,,,,,,,,,,,,,,,,
 Citro?ïn,,,,,,,,,,,,,,,,,,,,,,,,,,
 Delta (Delta Goodrem album),,,,,,,,,,,,,,,,,,,,,,,,,,
 Cinemark Theatres,,,,,,,,,,,,,,,,,,,,,,,,,,
Taquito,,,,,,,,,,,,,,,,,,,,,,,,,,
 América Televisión,,,,,,,,,,,,,,,,,,,,,,,,,,
Western Europe,,,,,,,,,,,,,,,,,,,,,,,,,,
Wellness (alternative medicine),,,,,,,,,,,,,,,,,,,,,,,,,,
 Parapsychology,,,,,,,,,,,,,,,,,,,,,,,,,,
 Arnold Schwarzenegger,,,,,,,,,,,,,,,,,,,,,,,,,,
Bangkok,,,,,,,,,,,,,,,,,,,,,,,,,,
 WordPress,,,,,,,,,,,,,,,,,,,,,,,,,,
Foot,,,,,,,,,,,,,,,,,,,,,,,,,,
Instituto Atlético Central Córdoba,,,,,,,,,,,,,,,,,,,,,,,,,,
 Offspring,,,,,,,,,,,,,,,,,,,,,,,,,,
 Mercedes-Benz C-Class,,,,,,,,,,,,,,,,,,,,,,,,,,
Franco De Vita,,,,,,,,,,,,,,,,,,,,,,,,,,
 Elena Gilbert,,,,,,,,,,,,,,,,,,,,,,,,,,
 Fender Stratocaster,,,,,,,,,,,,,,,,,,,,,,,,,,
 Sub (TV channel),,,,,,,,,,,,,,,,,,,,,,,,,,
 Greenhouse gas,,,,,,,,,,,,,,,,,,,,,,,,,,
 Eye,,,,,,,,,,,,,,,,,,,,,,,,,,
Toyota Vios,,,,,,,,,,,,,,,,,,,,,,,,,,
 Holiday Inn,,,,,,,,,,,,,,,,,,,,,,,,,,
Geisha,,,,,,,,,,,,,,,,,,,,,,,,,,
 Joss Whedon,,,,,,,,,,,,,,,,,,,,,,,,,,
 Dungeon crawl,,,,,,,,,,,,,,,,,,,,,,,,,,
 Mining,,,,,,,,,,,,,,,,,,,,,,,,,,
Ivy Queen,,,,,,,,,,,,,,,,,,,,,,,,,,
 Walt Disney,,,,,,,,,,,,,,,,,,,,,,,,,,
 Acting,,,,,,,,,,,,,,,,,,,,,,,,,,
 Call of Duty: Modern Warfare 2,,,,,,,,,,,,,,,,,,,,,,,,,,
 Cellular (film),,,,,,,,,,,,,,,,,,,,,,,,,,
 Bonbon,,,,,,,,,,,,,,,,,,,,,,,,,,
 La Perla (clothing),,,,,,,,,,,,,,,,,,,,,,,,,,
Wargaming,,,,,,,,,,,,,,,,,,,,,,,,,,
 South America,,,,,,,,,,,,,,,,,,,,,,,,,,
 Hybrid electric vehicle,,,,,,,,,,,,,,,,,,,,,,,,,,
Bob Marley and the Wailers discography,,,,,,,,,,,,,,,,,,,,,,,,,,
 Voice over IP,,,,,,,,,,,,,,,,,,,,,,,,,,
 Hyundai Motor Company,,,,,,,,,,,,,,,,,,,,,,,,,,
 Mario Bautista,,,,,,,,,,,,,,,,,,,,,,,,,,
 Video Game Culture,,,,,,,,,,,,,,,,,,,,,,,,,,
 Pendant,,,,,,,,,,,,,,,,,,,,,,,,,,
Pool (cue sports),,,,,,,,,,,,,,,,,,,,,,,,,,
 Aveda,,,,,,,,,,,,,,,,,,,,,,,,,,
Evolution,,,,,,,,,,,,,,,,,,,,,,,,,,
 Jumpsuit,,,,,,,,,,,,,,,,,,,,,,,,,,
 Belgium,,,,,,,,,,,,,,,,,,,,,,,,,,
 Undergraduate education,,,,,,,,,,,,,,,,,,,,,,,,,,
 Monocular,,,,,,,,,,,,,,,,,,,,,,,,,,
 Creative Technology,,,,,,,,,,,,,,,,,,,,,,,,,,
 Buick,,,,,,,,,,,,,,,,,,,,,,,,,,
Darling (1965 film),,,,,,,,,,,,,,,,,,,,,,,,,,
 Updo,,,,,,,,,,,,,,,,,,,,,,,,,,
 Bowhunting,,,,,,,,,,,,,,,,,,,,,,,,,,
World War I,,,,,,,,,,,,,,,,,,,,,,,,,,
 Central Board of Secondary Education,,,,,,,,,,,,,,,,,,,,,,,,,,
 Science Fiction Movies,,,,,,,,,,,,,,,,,,,,,,,,,,
 Coffeemaker,,,,,,,,,,,,,,,,,,,,,,,,,,
 Recreation,,,,,,,,,,,,,,,,,,,,,,,,,,
 One Day (2011 film),,,,,,,,,,,,,,,,,,,,,,,,,,
 Rotation,,,,,,,,,,,,,,,,,,,,,,,,,,
 Neuro-linguistic programming,,,,,,,,,,,,,,,,,,,,,,,,,,
 Corset,,,,,,,,,,,,,,,,,,,,,,,,,,
Instrumental,,,,,,,,,,,,,,,,,,,,,,,,,,
Warcraft,,,,,,,,,,,,,,,,,,,,,,,,,,
 Autobahn,,,,,,,,,,,,,,,,,,,,,,,,,,
 Blackjack,,,,,,,,,,,,,,,,,,,,,,,,,,
Gothic fashion,,,,,,,,,,,,,,,,,,,,,,,,,,
 Unitel (Angola),,,,,,,,,,,,,,,,,,,,,,,,,,
 Price,,,,,,,,,,,,,,,,,,,,,,,,,,
 Simple living,,,,,,,,,,,,,,,,,,,,,,,,,,
 Record chart,,,,,,,,,,,,,,,,,,,,,,,,,,
Future plc,,,,,,,,,,,,,,,,,,,,,,,,,,
World record,,,,,,,,,,,,,,,,,,,,,,,,,,
 Glam metal,,,,,,,,,,,,,,,,,,,,,,,,,,
Microsoft,,,,,,,,,,,,,,,,,,,,,,,,,,
 Selena Gomez,,,,,,,,,,,,,,,,,,,,,,,,,,
 Ximena Duque,,,,,,,,,,,,,,,,,,,,,,,,,,
 Tifo,,,,,,,,,,,,,,,,,,,,,,,,,,
Lind??s,,,,,,,,,,,,,,,,,,,,,,,,,,
 Caudalie,,,,,,,,,,,,,,,,,,,,,,,,,,
 British hip hop,,,,,,,,,,,,,,,,,,,,,,,,,,
Dio (band),,,,,,,,,,,,,,,,,,,,,,,,,,
Czechoslovakia,,,,,,,,,,,,,,,,,,,,,,,,,,
Golf club,,,,,,,,,,,,,,,,,,,,,,,,,,
 Anthropology,,,,,,,,,,,,,,,,,,,,,,,,,,
 Vida Saludable,,,,,,,,,,,,,,,,,,,,,,,,,,
 Steering wheel,,,,,,,,,,,,,,,,,,,,,,,,,,
 Vacheron Constantin,,,,,,,,,,,,,,,,,,,,,,,,,,
 Urdul,,,,,,,,,,,,,,,,,,,,,,,,,,
Kuwait Petroleum Corporation,,,,,,,,,,,,,,,,,,,,,,,,,,
 Multinational corporation,,,,,,,,,,,,,,,,,,,,,,,,,,
 BMW X1,,,,,,,,,,,,,,,,,,,,,,,,,,
 Sufi music,,,,,,,,,,,,,,,,,,,,,,,,,,
Mobile app,,,,,,,,,,,,,,,,,,,,,,,,,,
 Economics,,,,,,,,,,,,,,,,,,,,,,,,,,
Biochemistry,,,,,,,,,,,,,,,,,,,,,,,,,,
 Repsol Honda,,,,,,,,,,,,,,,,,,,,,,,,,,
 Fashion accessories,,,,,,,,,,,,,,,,,,,,,,,,,,
 Cancer (astrology),,,,,,,,,,,,,,,,,,,,,,,,,,
 Flipboard,,,,,,,,,,,,,,,,,,,,,,,,,,
Martial arts film,,,,,,,,,,,,,,,,,,,,,,,,,,
T-shirt,,,,,,,,,,,,,,,,,,,,,,,,,,
Unleashed (film),,,,,,,,,,,,,,,,,,,,,,,,,,
 LINE,,,,,,,,,,,,,,,,,,,,,,,,,,
Prestige Records,,,,,,,,,,,,,,,,,,,,,,,,,,
Cabela's,,,,,,,,,,,,,,,,,,,,,,,,,,
 Field hockey,,,,,,,,,,,,,,,,,,,,,,,,,,
Theology,,,,,,,,,,,,,,,,,,,,,,,,,,
Fox Sports,,,,,,,,,,,,,,,,,,,,,,,,,,
Mario Bautista,,,,,,,,,,,,,,,,,,,,,,,,,,
 Frida,,,,,,,,,,,,,,,,,,,,,,,,,,
 Mule (shoe),,,,,,,,,,,,,,,,,,,,,,,,,,
 Eugenio Derbez,,,,,,,,,,,,,,,,,,,,,,,,,,
 Rugby World Cup,,,,,,,,,,,,,,,,,,,,,,,,,,
Great Indonesia Movement Party,,,,,,,,,,,,,,,,,,,,,,,,,,
 moda,,,,,,,,,,,,,,,,,,,,,,,,,,
 Real Zaragoza,,,,,,,,,,,,,,,,,,,,,,,,,,
Pioneer Corporation,,,,,,,,,,,,,,,,,,,,,,,,,,
 Helsinki,,,,,,,,,,,,,,,,,,,,,,,,,,
Tottus,,,,,,,,,,,,,,,,,,,,,,,,,,
 A.C. Milan (Superleague Formula team),,,,,,,,,,,,,,,,,,,,,,,,,,
Machala,,,,,,,,,,,,,,,,,,,,,,,,,,
 Pilot (aeronautics),,,,,,,,,,,,,,,,,,,,,,,,,,
 Waitrose,,,,,,,,,,,,,,,,,,,,,,,,,,
 Pet adoption,,,,,,,,,,,,,,,,,,,,,,,,,,
 Endless Love (1981 film),,,,,,,,,,,,,,,,,,,,,,,,,,
Lebanese cuisine,,,,,,,,,,,,,,,,,,,,,,,,,,
 Boss (TV series),,,,,,,,,,,,,,,,,,,,,,,,,,
 Grey's Anatomy,,,,,,,,,,,,,,,,,,,,,,,,,,
BMW 5 Series,,,,,,,,,,,,,,,,,,,,,,,,,,
 Birdwatching,,,,,,,,,,,,,,,,,,,,,,,,,,
 Lolcat,,,,,,,,,,,,,,,,,,,,,,,,,,
 Wedding cake,,,,,,,,,,,,,,,,,,,,,,,,,,
 Touring car racing,,,,,,,,,,,,,,,,,,,,,,,,,,
 Abaya,,,,,,,,,,,,,,,,,,,,,,,,,,
 TAG Heuer,,,,,,,,,,,,,,,,,,,,,,,,,,
 Frozen food,,,,,,,,,,,,,,,,,,,,,,,,,,
Cuban cuisine,,,,,,,,,,,,,,,,,,,,,,,,,,
 R?¸mi Gaillard,,,,,,,,,,,,,,,,,,,,,,,,,,
 The Sims,,,,,,,,,,,,,,,,,,,,,,,,,,
Redfin,,,,,,,,,,,,,,,,,,,,,,,,,,
 Gracie Barra,,,,,,,,,,,,,,,,,,,,,,,,,,
 Thai cuisine,,,,,,,,,,,,,,,,,,,,,,,,,,
Revista Padres e Hijos,,,,,,,,,,,,,,,,,,,,,,,,,,
 Casablanca,,,,,,,,,,,,,,,,,,,,,,,,,,
Gambling,,,,,,,,,,,,,,,,,,,,,,,,,,
 Job interview,,,,,,,,,,,,,,,,,,,,,,,,,,
 Reuters,,,,,,,,,,,,,,,,,,,,,,,,,,
 The CrossFit Games,,,,,,,,,,,,,,,,,,,,,,,,,,
 Najib Razak,,,,,,,,,,,,,,,,,,,,,,,,,,
 Practical joke,,,,,,,,,,,,,,,,,,,,,,,,,,
Caterpillar,,,,,,,,,,,,,,,,,,,,,,,,,,
 Dispatch (band),,,,,,,,,,,,,,,,,,,,,,,,,,
 Family Guy,,,,,,,,,,,,,,,,,,,,,,,,,,
Lilo & Stitch,,,,,,,,,,,,,,,,,,,,,,,,,,
 Restaurateur,,,,,,,,,,,,,,,,,,,,,,,,,,
 Husqvarna Motorcycles,,,,,,,,,,,,,,,,,,,,,,,,,,
 TV,,,,,,,,,,,,,,,,,,,,,,,,,,
MacBook Air,,,,,,,,,,,,,,,,,,,,,,,,,,
 Sports car racing,,,,,,,,,,,,,,,,,,,,,,,,,,
 Argentina national under-20 football team,,,,,,,,,,,,,,,,,,,,,,,,,,
 Bologna,,,,,,,,,,,,,,,,,,,,,,,,,,
24 Horas (Chilean newscast),,,,,,,,,,,,,,,,,,,,,,,,,,
Tbilisi,,,,,,,,,,,,,,,,,,,,,,,,,,
Nissan Qashqai,,,,,,,,,,,,,,,,,,,,,,,,,,
Junk food,,,,,,,,,,,,,,,,,,,,,,,,,,
Propeller,,,,,,,,,,,,,,,,,,,,,,,,,,
 Belfast,,,,,,,,,,,,,,,,,,,,,,,,,,
 MDG,,,,,,,,,,,,,,,,,,,,,,,,,,
 Acrylic paint,,,,,,,,,,,,,,,,,,,,,,,,,,
Civil service examination,,,,,,,,,,,,,,,,,,,,,,,,,,
 Home Appliances,,,,,,,,,,,,,,,,,,,,,,,,,,
Eureka,,,,,,,,,,,,,,,,,,,,,,,,,,
Privacy,,,,,,,,,,,,,,,,,,,,,,,,,,
 Country Living,,,,,,,,,,,,,,,,,,,,,,,,,,
 Contemporary Christian music,,,,,,,,,,,,,,,,,,,,,,,,,,
 Veil,,,,,,,,,,,,,,,,,,,,,,,,,,
 World Rally Championship,,,,,,,,,,,,,,,,,,,,,,,,,,
 Fuchsia,,,,,,,,,,,,,,,,,,,,,,,,,,
Hookah,,,,,,,,,,,,,,,,,,,,,,,,,,
Live from Paris (Shakira album),,,,,,,,,,,,,,,,,,,,,,,,,,
 Deer,,,,,,,,,,,,,,,,,,,,,,,,,,
 Hatha Yoga,,,,,,,,,,,,,,,,,,,,,,,,,,
 Angling,,,,,,,,,,,,,,,,,,,,,,,,,,
 Christmas decoration,,,,,,,,,,,,,,,,,,,,,,,,,,
 BMW i8,,,,,,,,,,,,,,,,,,,,,,,,,,
 Joe Jonas,,,,,,,,,,,,,,,,,,,,,,,,,,
 PlayStation Network,,,,,,,,,,,,,,,,,,,,,,,,,,
 Dance Academy,,,,,,,,,,,,,,,,,,,,,,,,,,
 Creator Deity,,,,,,,,,,,,,,,,,,,,,,,,,,
Santiago Metropolitan Region,,,,,,,,,,,,,,,,,,,,,,,,,,
 Street fashion,,,,,,,,,,,,,,,,,,,,,,,,,,
 Engineer,,,,,,,,,,,,,,,,,,,,,,,,,,
 Weight loss (Fitness And wellness),,,,,,,,,,,,,,,,,,,,,,,,,,
Assassin's Creed (video game),,,,,,,,,,,,,,,,,,,,,,,,,,
Nun,,,,,,,,,,,,,,,,,,,,,,,,,,
 Signal (electrical engineering),,,,,,,,,,,,,,,,,,,,,,,,,,
Furry fandom,,,,,,,,,,,,,,,,,,,,,,,,,,
Variety (magazine),,,,,,,,,,,,,,,,,,,,,,,,,,
 New Kids on the Block,,,,,,,,,,,,,,,,,,,,,,,,,,
 Loud Tour,,,,,,,,,,,,,,,,,,,,,,,,,,
 eMAG,,,,,,,,,,,,,,,,,,,,,,,,,,
 Cristian Castro,,,,,,,,,,,,,,,,,,,,,,,,,,
 Force,,,,,,,,,,,,,,,,,,,,,,,,,,
 Polyurethane,,,,,,,,,,,,,,,,,,,,,,,,,,
 Swimming pool,,,,,,,,,,,,,,,,,,,,,,,,,,
 Direct selling,,,,,,,,,,,,,,,,,,,,,,,,,,
 Tampere,,,,,,,,,,,,,,,,,,,,,,,,,,
 Pope,,,,,,,,,,,,,,,,,,,,,,,,,,
 Vine (service),,,,,,,,,,,,,,,,,,,,,,,,,,
 Sebastian Vettel,,,,,,,,,,,,,,,,,,,,,,,,,,
 DNA,,,,,,,,,,,,,,,,,,,,,,,,,,
 World Rally Championship-2,,,,,,,,,,,,,,,,,,,,,,,,,,
 The Jacka,,,,,,,,,,,,,,,,,,,,,,,,,,
 Cement,,,,,,,,,,,,,,,,,,,,,,,,,,
 Fenerbah?áe S.K.,,,,,,,,,,,,,,,,,,,,,,,,,,
 Geneva Motor Show,,,,,,,,,,,,,,,,,,,,,,,,,,
 Isuzu D-Max,,,,,,,,,,,,,,,,,,,,,,,,,,
 Mythology,,,,,,,,,,,,,,,,,,,,,,,,,,
Decora??o,,,,,,,,,,,,,,,,,,,,,,,,,,
 Free Software,,,,,,,,,,,,,,,,,,,,,,,,,,
 Frozen (2013 film),,,,,,,,,,,,,,,,,,,,,,,,,,
 Donald Trump,,,,,,,,,,,,,,,,,,,,,,,,,,
 Jumbo (band),,,,,,,,,,,,,,,,,,,,,,,,,,
Zayed bin Sultan Al Nahyan,,,,,,,,,,,,,,,,,,,,,,,,,,
Somatosensory system,,,,,,,,,,,,,,,,,,,,,,,,,,
 Sunday Brunch,,,,,,,,,,,,,,,,,,,,,,,,,,
 Tropics,,,,,,,,,,,,,,,,,,,,,,,,,,
 Philadelphia 76ers,,,,,,,,,,,,,,,,,,,,,,,,,,
 USB,,,,,,,,,,,,,,,,,,,,,,,,,,
 WWE Hall of Fame,,,,,,,,,,,,,,,,,,,,,,,,,,
 Golf,,,,,,,,,,,,,,,,,,,,,,,,,,
Alliance,,,,,,,,,,,,,,,,,,,,,,,,,,
 Husband,,,,,,,,,,,,,,,,,,,,,,,,,,
 Suppressor,,,,,,,,,,,,,,,,,,,,,,,,,,
 Mr. Olympia,,,,,,,,,,,,,,,,,,,,,,,,,,
 Latin dance,,,,,,,,,,,,,,,,,,,,,,,,,,
 Playing card,,,,,,,,,,,,,,,,,,,,,,,,,,
 Germany national under-21 football team,,,,,,,,,,,,,,,,,,,,,,,,,,
 Health (magazine),,,,,,,,,,,,,,,,,,,,,,,,,,
Transport,,,,,,,,,,,,,,,,,,,,,,,,,,
