interest,iabCat
mejor con salud,health & fitness
 Gender,society
Parsley,food & drink
Belgrade,travel
 Maine Coon,pets
 Filmmaking,arts & entertainment
 Bed,home & garden
 Citro?ïn,automotive
 Delta (Delta Goodrem album),arts & entertainment
 Cinemark Theatres,shopping
Taquito,food & drink
 América Televisión,arts & entertainment
Western Europe,travel
Wellness (alternative medicine),health & fitness
 Parapsychology,science
 Arnold Schwarzenegger,arts & entertainment
Bangkok,travel
 WordPress,technology & computing
Foot,health & fitness
Instituto Atlético Central Córdoba,education
 Offspring,family & parenting
 Mercedes-Benz C-Class,automotive
Franco De Vita,arts & entertainment
 Elena Gilbert,arts & entertainment
 Fender Stratocaster,arts & entertainment
 Sub (TV channel),technology & computing
 Greenhouse gas,science
 Eye,health & fitness
Toyota Vios,automotive
 Holiday Inn,travel
Geisha,arts & entertainment
 Joss Whedon,arts & entertainment
 Dungeon crawl,hobbies & interests
 Mining,business
Ivy Queen,arts & entertainment
 Walt Disney,arts & entertainment
 Acting,careers
 Call of Duty: Modern Warfare 2,arts & entertainment
 Cellular (film),arts & entertainment
 Bonbon,food & drink
 La Perla (clothing),style & fashion
Wargaming,technology & computing
 South America,travel
 Hybrid electric vehicle,automotive
Bob Marley and the Wailers discography,arts & entertainment
 Voice over IP,technology & computing
 Hyundai Motor Company,business
 Mario Bautista,arts & entertainment
 Video Game Culture,arts & entertainment
 Pendant,shopping
Pool (cue sports),arts & entertainment
 Aveda,shopping
Evolution,science
 Jumpsuit,style & fashion
 Belgium,law government & politics
 Undergraduate education,education
 Monocular,technology & computing
 Creative Technology,technology & computing
 Buick,automotive
Darling (1965 film),arts & entertainment
 Updo,style & fashion
 Bowhunting,sports
World War I,law government & politics
 Central Board of Secondary Education,education
 Science Fiction Movies,arts & entertainment
 Coffeemaker,home & garden
 Recreation,sports
 One Day (2011 film),arts & entertainment
 Rotation,science
 Neuro-linguistic programming,health & fitness
 Corset,style & fashion
Instrumental,arts & entertainment
Warcraft,arts & entertainment
 Autobahn,travel
 Blackjack,personal finance
Gothic fashion,style & fashion
 Unitel (Angola),business
 Price,shopping
 Simple living,hobbies & interests
 Record chart,arts & entertainment
Future plc,business
World record,sports
 Glam metal,arts & entertainment
Microsoft,business
 Selena Gomez,arts & entertainment
 Ximena Duque,arts & entertainment
 Tifo,sports
Lind??s,arts & entertainment
 Caudalie,health & fitness
 British hip hop,arts & entertainment
Dio (band),arts & entertainment
Czechoslovakia,society
Golf club,sports
 Anthropology,society
 Vida Saludable,health & fitness
 Steering wheel,automotive
 Vacheron Constantin,style & fashion
 Urdul,society
Kuwait Petroleum Corporation,business
 Multinational corporation,business
 BMW X1,automotive
 Sufi music,arts & entertainment
Mobile app,technology & computing
 Economics,business
Biochemistry,science
 Repsol Honda,automotive
 Fashion accessories,style & fashion
 Cancer (astrology),religion & spirituality
 Flipboard,technology & computing
Martial arts film,arts & entertainment
T-shirt,style & fashion
Unleashed (film),arts & entertainment
 LINE,technology & computing
Prestige Records,arts & entertainment
Cabela's,shopping
 Field hockey,sports
Theology,religion & spirituality
Fox Sports,automotive
Mario Bautista,arts & entertainment
 Frida,arts & entertainment
 Mule (shoe),shopping
 Eugenio Derbez,arts & entertainment
 Rugby World Cup,sports
Great Indonesia Movement Party,law government & politics
 moda,style & fashion
 Real Zaragoza,sports
Pioneer Corporation,business
 Helsinki,travel
Tottus,shopping
 A.C. Milan (Superleague Formula team),sports
Machala,real estate
 Pilot (aeronautics),careers
 Waitrose,shopping
 Pet adoption,pets
 Endless Love (1981 film),arts & entertainment
Lebanese cuisine,food & drink
 Boss (TV series),arts & entertainment
 Grey's Anatomy,arts & entertainment
BMW 5 Series,automotive
 Birdwatching,hobbies & interests
 Lolcat,arts & entertainment
 Wedding cake,food & drink
 Touring car racing,sports
 Abaya,style & fashion
 TAG Heuer,shopping
 Frozen food,food & drink
Cuban cuisine,food & drink
 R?¸mi Gaillard,arts & entertainment
 The Sims,technology & computing
Redfin,real estate
 Gracie Barra,careers
 Thai cuisine,food & drink
Revista Padres e Hijos,family & parenting
 Casablanca,arts & entertainment
Gambling,illegal content
 Job interview,careers
 Reuters,news
 The CrossFit Games,health & fitness
 Najib Razak,law government & politics
 Practical joke,arts & entertainment
Caterpillar,automotive
 Dispatch (band),arts & entertainment
 Family Guy,arts & entertainment
Lilo & Stitch,arts & entertainment
 Restaurateur,business
 Husqvarna Motorcycles,automotive
 TV,arts & entertainment
MacBook Air,technology & computing
 Sports car racing,sports
 Argentina national under-20 football team,sports
 Bologna,food & drink
24 Horas (Chilean newscast),news
Tbilisi,travel
Nissan Qashqai,automotive
Junk food,food & drink
Propeller,technology & computing
 Belfast,travel
 MDG,business
 Acrylic paint,arts & entertainment
Civil service examination,law government & politics
 Home Appliances,home & garden
Eureka,arts & entertainment
Privacy,law government & politics
 Country Living,home & garden
 Contemporary Christian music,religion & spirituality
 Veil,style & fashion
 World Rally Championship,automotive
 Fuchsia,home & garden
Hookah,hobbies & interests
Live from Paris (Shakira album),arts & entertainment
 Deer,pets
 Hatha Yoga,health & fitness
 Angling,sports
 Christmas decoration,home & garden
 BMW i8,automotive
 Joe Jonas,arts & entertainment
 PlayStation Network,arts & entertainment
 Dance Academy,arts & entertainment
 Creator Deity,religion & spirituality
Santiago Metropolitan Region,travel
 Street fashion,style & fashion
 Engineer,careers
 Weight loss (Fitness And wellness),health & fitness
Assassin's Creed (video game),arts & entertainment
Nun,religion & spirituality
 Signal (electrical engineering),technology & computing
Furry fandom,hobbies & interests
Variety (magazine),arts & entertainment
 New Kids on the Block,arts & entertainment
 Loud Tour,arts & entertainment
 eMAG,shopping
 Cristian Castro,arts & entertainment
 Force,science
 Polyurethane,science
 Swimming pool,health & fitness
 Direct selling,business
 Tampere,travel
 Pope,religion & spirituality
 Vine (service),technology & computing
 Sebastian Vettel,sports
 DNA,science
 World Rally Championship-2,sports
 The Jacka,arts & entertainment
 Cement,home & garden
 Fenerbah?áe S.K.,sports
 Geneva Motor Show,automotive
 Isuzu D-Max,automotive
 Mythology,religion & spirituality
Decora??o,home & garden
 Free Software,technology & computing
 Frozen (2013 film),arts & entertainment
 Donald Trump,law government & politics
 Jumbo (band),arts & entertainment
Zayed bin Sultan Al Nahyan,law government & politics
Somatosensory system,health & fitness
 Sunday Brunch,food & drink
 Tropics,travel
 Philadelphia 76ers,sports
 USB,technology & computing
 WWE Hall of Fame,sports
 Golf,sports
Alliance,society
 Husband,family & parenting
 Suppressor,law government & politics
 Mr. Olympia,health & fitness
 Latin dance,hobbies & interests
 Playing card,business
 Germany national under-21 football team,sports
 Health (magazine),health & fitness
Transport,travel
