interest,Business and industry,Education,Family and relationships,Fitness and wellness,Food and drink,Hobbies and activities,Lifestyle and culture,News and entertainment,People,Shopping and fashion,Sports and outdoors,Technology,"Travel, places and events",No category
Hurt (band),,,,,,,,,,,,,,
Sneakers Addict,,,,,,,,,,,,,,
"San Pablo, California",,,,,,,,,,,,,,
Mania,,,,,,,,,,,,,,
Waikato,,,,,,,,,,,,,,
"Serasa, Brunei-Muara",,,,,,,,,,,,,,
Risk management,,,,,,,,,,,,,,
Conjunto Atardecer,,,,,,,,,,,,,,
OfficeMax,,,,,,,,,,,,,,
Free Tibet,,,,,,,,,,,,,,
Draft horse,,,,,,,,,,,,,,
Economic development,,,,,,,,,,,,,,
Jam band,,,,,,,,,,,,,,
Atlanta Hawks,,,,,,,,,,,,,,
Cork (material),,,,,,,,,,,,,,
Henrik Larsson,,,,,,,,,,,,,,
The Phoenix (newspaper),,,,,,,,,,,,,,
Auguste Rodin,,,,,,,,,,,,,,
Street Fighter,,,,,,,,,,,,,,
Moody Blues,,,,,,,,,,,,,,
Little Brother (group),,,,,,,,,,,,,,
Oxygen (TV channel),,,,,,,,,,,,,,
Teleprogreso Mi canal,,,,,,,,,,,,,,
RER,,,,,,,,,,,,,,
Lurpak,,,,,,,,,,,,,,
Tata Sky,,,,,,,,,,,,,,
Experimental film,,,,,,,,,,,,,,
Kung Fu (TV series),,,,,,,,,,,,,,
"Malibu, California",,,,,,,,,,,,,,
The Sword in the Stone (film),,,,,,,,,,,,,,
Marine Le Pen,,,,,,,,,,,,,,
Electric motor,,,,,,,,,,,,,,
Object (philosophy),,,,,,,,,,,,,,
Docking station,,,,,,,,,,,,,,
Speech balloon,,,,,,,,,,,,,,
Paracel Islands,,,,,,,,,,,,,,
Semiconductor fabrication plant,,,,,,,,,,,,,,
Ooty,,,,,,,,,,,,,,
French rock,,,,,,,,,,,,,,
Jabatan Kemajuan Islam Malaysia (Jakim),,,,,,,,,,,,,,
Professional sports,,,,,,,,,,,,,,
Martha Stewart,,,,,,,,,,,,,,
Fast & Furious (2009 film),,,,,,,,,,,,,,
Laksa,,,,,,,,,,,,,,
Jeff Hardy,,,,,,,,,,,,,,
B.o.B Presents: The Adventures of Bobby Ray,,,,,,,,,,,,,,
Columba,,,,,,,,,,,,,,
miss led,,,,,,,,,,,,,,
Dow Chemical Company,,,,,,,,,,,,,,
Tomb Raider III,,,,,,,,,,,,,,
Lisa Frank,,,,,,,,,,,,,,
Mannie Fresh,,,,,,,,,,,,,,
Kotex,,,,,,,,,,,,,,
Status quo,,,,,,,,,,,,,,
95.5 Virgin Hitz,,,,,,,,,,,,,,
Lions Clubs International,,,,,,,,,,,,,,
Berg,,,,,,,,,,,,,,
Smart Communications,,,,,,,,,,,,,,
Katniss Everdeen,,,,,,,,,,,,,,
Grandmaster (martial arts),,,,,,,,,,,,,,
Amr Moussa,,,,,,,,,,,,,,
1961 NBA Finals,,,,,,,,,,,,,,
Provinces of the Philippines,,,,,,,,,,,,,,
C-Heads Magazine,,,,,,,,,,,,,,
Elle (India),,,,,,,,,,,,,,
Takchita,,,,,,,,,,,,,,
Parador,,,,,,,,,,,,,,
Pisa,,,,,,,,,,,,,,
Baju Kurung,,,,,,,,,,,,,,
Hyundai Accent,,,,,,,,,,,,,,
VTB United League,,,,,,,,,,,,,,
Rugged Maniac 5K Obstacle Race,,,,,,,,,,,,,,
Rh√¥ne (department),,,,,,,,,,,,,,
VnExpress,,,,,,,,,,,,,,
Visual kei,,,,,,,,,,,,,,
Leather jacket,,,,,,,,,,,,,,
ProFM Romania,,,,,,,,,,,,,,
Christian ministry,,,,,,,,,,,,,,
BFM TV,,,,,,,,,,,,,,
Flan,,,,,,,,,,,,,,
Minnie Mouse,,,,,,,,,,,,,,
Slamball,,,,,,,,,,,,,,
Cheta,,,,,,,,,,,,,,
TAM Airlines,,,,,,,,,,,,,,
Madonna (Madonna album),,,,,,,,,,,,,,
Piston,,,,,,,,,,,,,,
Gospel music,,,,,,,,,,,,,,
Chaitanya Mahaprabhu,,,,,,,,,,,,,,
Shivraj Singh Chouhan,,,,,,,,,,,,,,
World view,,,,,,,,,,,,,,
Human height,,,,,,,,,,,,,,
Kandi Burruss,,,,,,,,,,,,,,
Sector 3 (Bucharest),,,,,,,,,,,,,,
Star-Lord,,,,,,,,,,,,,,
Noah Cyrus,,,,,,,,,,,,,,
Literary realism,,,,,,,,,,,,,,
Promozione,,,,,,,,,,,,,,
Brocade,,,,,,,,,,,,,,
Life (NBC TV series),,,,,,,,,,,,,,
Kunchacko Boban,,,,,,,,,,,,,,
Pow wow,,,,,,,,,,,,,,
Vehicle simulation game,,,,,,,,,,,,,,
Kiefer Sutherland,,,,,,,,,,,,,,
Mehdi Bennani,,,,,,,,,,,,,,
Mortar and pestle,,,,,,,,,,,,,,
Radio Disney Latin America,,,,,,,,,,,,,,
Continent,,,,,,,,,,,,,,
Gross national product,,,,,,,,,,,,,,
Enchilada,,,,,,,,,,,,,,
Mac Mini,,,,,,,,,,,,,,
J√§germeister,,,,,,,,,,,,,,
Vermiform appendix,,,,,,,,,,,,,,
Resin,,,,,,,,,,,,,,
Lanvin (clothing),,,,,,,,,,,,,,
Slide show,,,,,,,,,,,,,,
Breeders' Cup Classic,,,,,,,,,,,,,,
Ital,,,,,,,,,,,,,,
Ekurhuleni Metropolitan Municipality,,,,,,,,,,,,,,
The Bahamas,,,,,,,,,,,,,,
Diners,,,,,,,,,,,,,,
National Geographic (magazine),,,,,,,,,,,,,,
Program management,,,,,,,,,,,,,,
Huatulco,,,,,,,,,,,,,,
Photographic processing,,,,,,,,,,,,,,
Close-Up (toothpaste),,,,,,,,,,,,,,
Chris Powell (personal trainer),,,,,,,,,,,,,,
Cologne,,,,,,,,,,,,,,
The View,,,,,,,,,,,,,,
Instituto Polit√©cnico Nacional,,,,,,,,,,,,,,
Cream Silk Philippines,,,,,,,,,,,,,,
Unix,,,,,,,,,,,,,,
Touch (rugby),,,,,,,,,,,,,,
Hubli,,,,,,,,,,,,,,
Penelope,,,,,,,,,,,,,,
Ferenc Pusk√°s,,,,,,,,,,,,,,
Narmin Assria IFBB Bikini Pro,,,,,,,,,,,,,,
Berita Harian Online,,,,,,,,,,,,,,
V10 engine,,,,,,,,,,,,,,
Legal process,,,,,,,,,,,,,,
Premier League,,,,,,,,,,,,,,
Pekalongan,,,,,,,,,,,,,,
Cliff Lee,,,,,,,,,,,,,,
Emperor (band),,,,,,,,,,,,,,
Italo house,,,,,,,,,,,,,,
Prachinburi Province,,,,,,,,,,,,,,
Altay S.K.,,,,,,,,,,,,,,
Dale Crover,,,,,,,,,,,,,,
Yonkoma,,,,,,,,,,,,,,
Mido (footballer),,,,,,,,,,,,,,
Ballet flat,,,,,,,,,,,,,,
I Love New York,,,,,,,,,,,,,,
Everland,,,,,,,,,,,,,,
Amateur wrestling,,,,,,,,,,,,,,
Pita Pit,,,,,,,,,,,,,,
Dayro Moreno,,,,,,,,,,,,,,
Kernel (operating system),,,,,,,,,,,,,,
Power (TV series),,,,,,,,,,,,,,
Deal or No Deal,,,,,,,,,,,,,,
Shirtdress,,,,,,,,,,,,,,
Farah Khan,,,,,,,,,,,,,,
Rich Piana,,,,,,,,,,,,,,
FX (TV channel),,,,,,,,,,,,,,
Economic sector,,,,,,,,,,,,,,
"Saitama, Saitama",,,,,,,,,,,,,,
Amitabh Bachchan,,,,,,,,,,,,,,
Islamictube,,,,,,,,,,,,,,
Fashion Designer Game,,,,,,,,,,,,,,
British cuisine,,,,,,,,,,,,,,
Squirrel Girl,,,,,,,,,,,,,,
Apache Hadoop,,,,,,,,,,,,,,
Atacama Region,,,,,,,,,,,,,,
Tasha Smith,,,,,,,,,,,,,,
Group races,,,,,,,,,,,,,,
DePaul Blue Demons,,,,,,,,,,,,,,
Music theory,,,,,,,,,,,,,,
≈†koda Octavia,,,,,,,,,,,,,,
Pete Holmes,,,,,,,,,,,,,,
Sam's Club M√©xico,,,,,,,,,,,,,,
Champs Sports,,,,,,,,,,,,,,
Satguru,,,,,,,,,,,,,,
"Ramsey, Isle of Man",,,,,,,,,,,,,,
Delta Air Lines,,,,,,,,,,,,,,
Labour law,,,,,,,,,,,,,,
Pepe Jeans,,,,,,,,,,,,,,
Commodity market,,,,,,,,,,,,,,
"Beverly Hills, California",,,,,,,,,,,,,,
Bollywood on Facebook,,,,,,,,,,,,,,
Kontinental Hockey League,,,,,,,,,,,,,,
Sixto Rodriguez,,,,,,,,,,,,,,
CONCACAF,,,,,,,,,,,,,,
"Viana, Spain",,,,,,,,,,,,,,
Hydrate,,,,,,,,,,,,,,
Tara Reid,,,,,,,,,,,,,,
Updo,,,,,,,,,,,,,,
Condor Trilogy,,,,,,,,,,,,,,
Operations management,,,,,,,,,,,,,,
Muƒüla Province,,,,,,,,,,,,,,
Metal Gear,,,,,,,,,,,,,,
Nakodar,,,,,,,,,,,,,,
Bird migration,,,,,,,,,,,,,,
Jack Skellington,,,,,,,,,,,,,,
Husayn ibn Ali,,,,,,,,,,,,,,
Irish language,,,,,,,,,,,,,,
Angela Lansbury,,,,,,,,,,,,,,
Cuautitl√°n,,,,,,,,,,,,,,
Loredana Groza,,,,,,,,,,,,,,
Mr. Price,,,,,,,,,,,,,,
Regensburg,,,,,,,,,,,,,,
Pistoia,,,,,,,,,,,,,,
Oceana (non-profit group),,,,,,,,,,,,,,
Salman bin Abdulaziz Al Saud,,,,,,,,,,,,,,
Resident Evil 4,,,,,,,,,,,,,,
Brembo,,,,,,,,,,,,,,
Cafe Rio,,,,,,,,,,,,,,
International Brazilian Jiu-Jitsu Federation,,,,,,,,,,,,,,
Anheuser-Busch InBev,,,,,,,,,,,,,,
MAXXI,,,,,,,,,,,,,,
Fogo de Ch√£o,,,,,,,,,,,,,,
Black Beauty,,,,,,,,,,,,,,
Evidence (law),,,,,,,,,,,,,,
Industry 4.0,,,,,,,,,,,,,,
Bridgewater Hall,,,,,,,,,,,,,,
Blinkers (horse tack),,,,,,,,,,,,,,
Tring,,,,,,,,,,,,,,
Fuji (apple),,,,,,,,,,,,,,
Supercalifragilisticexpialidocious,,,,,,,,,,,,,,
People's Representative Council,,,,,,,,,,,,,,
Plastic Ono Band,,,,,,,,,,,,,,
Lee Evans (comedian),,,,,,,,,,,,,,
Melissa McBride,,,,,,,,,,,,,,
Buddharupa,,,,,,,,,,,,,,
National Treasure (film),,,,,,,,,,,,,,
"Junction City, Kansas",,,,,,,,,,,,,,
BET Gospel,,,,,,,,,,,,,,
Flat panel display,,,,,,,,,,,,,,
Wella Professionals,,,,,,,,,,,,,,
The Footy Show (rugby league),,,,,,,,,,,,,,
Detroit Lions,,,,,,,,,,,,,,
Foo Fighters (album),,,,,,,,,,,,,,
Atal Bihari Vajpayee,,,,,,,,,,,,,,
Dan Povenmire,,,,,,,,,,,,,,
Tactical pants,,,,,,,,,,,,,,
Mydin,,,,,,,,,,,,,,
Kia Motors Philippines,,,,,,,,,,,,,,
Star Wars: The Old Republic,,,,,,,,,,,,,,
Josh Groban,,,,,,,,,,,,,,
Elena Gheorghe,,,,,,,,,,,,,,
T√©bessa,,,,,,,,,,,,,,
Lat Phrao District,,,,,,,,,,,,,,
Quang Vinh,,,,,,,,,,,,,,
